{
  "comment": "Do not edit this file, use utils/roll_browser.js",
  "browsers": [
    {
      "name": "chromium",
      "revision": "857950",
      "installByDefault": true
    },
    {
      "name": "firefox",
      "revision": "1238",
      "installByDefault": false
    },
    {
      "name": "webkit",
      "revision": "1446",
      "installByDefault": false,
      "revisionOverrides": {
        "mac10.14": "1443"
      }
    },
    {
      "name": "ffmpeg",
      "revision": "1005",
      "installByDefault": true
    }
  ]
}